pred,proba
1,0.6379129863513193
0,0.2780967199333661
0,0.2721392227908846
1,0.6380931431024649
1,0.5555877278675788
0,0.25187176299524994
1,0.5858111026715745
1,0.6245623153659603
1,0.5359428718330551
1,0.6472433938947275
0,0.3023117069929687
1,0.6390291806219648
0,0.22131506389201533
0,0.3203716314111381
0,0.2937127162852378
0,0.30955222131610044
0,0.2655398966273663
1,0.598822800726132
0,0.32940323171068214
0,0.26566417363065203
0,0.2610274430586733
0,0.27121849343943943
0,0.24421788558239163
1,0.5796823150832751
1,0.5854740092792514
1,0.8959986598377279
1,0.5602546231776785
0,0.33492629252232425
1,0.5857881744360622
1,0.5948131806784858
0,0.2514387061653874
0,0.29035187131974993
0,0.30088389560333373
1,0.5436312323602558
0,0.31292314062084886
0,0.2735782273699851
0,0.29943968275907484
0,0.281442443553072
0,0.2808093749241311
1,0.6064678773701699
0,0.2740708723582198
0,0.3114510419679035
0,0.35862830334164586
0,0.2641243732771522
0,0.33166414740340827
1,0.5727291247922879
1,0.6037451384890273
1,0.591370722320838
0,0.2821176127183451
0,0.22723284197952454
0,0.26520026751348336
0,0.27408056745176235
0,0.3272626122568065
1,0.8457464731387694
1,0.5638024389668107
1,0.8459059281131446
0,0.26799305579919924
0,0.2704811782042109
1,0.5370775557635453
0,0.32883757476448017
1,0.6296821501557605
0,0.2474035061263238
0,0.27269269420735576
0,0.22102107999977375
0,0.30037686764361876
0,0.2851817860947568
0,0.2593071503732502
1,0.6209979953014715
1,0.8419597138265955
1,0.5399886583491591
1,0.6297124250670822
0,0.27549847055305
1,0.596653486752034
0,0.27687217151527654
1,0.579477377332194
0,0.2955806804455087
1,0.6038257988177256
1,0.5190765240510804
0,0.23681961899992202
1,0.6711168188671776
1,0.6037158244945424
1,0.5343563666002428
0,0.2835551144328132
1,0.6138076943772177
0,0.30373262982213706
0,0.23727749119995437
1,0.5989912837038285
0,0.32196408661812576
0,0.2482433247941449
0,0.29387407645095553
0,0.30357827232232243
0,0.2955674037215006
1,0.61520965046888
1,0.8874766890871586
0,0.32197117855348567
0,0.2663793937751718
1,0.8670143745939612
0,0.2868133889475439
1,0.8545650739027
1,0.5680587822040225
0,0.28691526714461546
0,0.2992233007646128
1,0.6058928039546483
1,0.824891952564072
0,0.2718334114795823
1,0.8596028068404762
1,0.5653160383468867
0,0.33506807043442804
1,0.8902410875765236
0,0.30511436138248577
1,0.5407880645900397
0,0.3022620024113166
0,0.25531331082952685
0,0.3033069659043302
0,0.32760230859288153
1,0.5332584644202771
0,0.33414100917595535
1,0.5192788614436286
0,0.3002355456727964
0,0.27709509198441473
1,0.5453860310488017
1,0.5478438478263585
1,0.6098094345422396
0,0.2823164247367983
0,0.28820145530709923
0,0.28890987810103114
1,0.6335443485706639
0,0.2769315169869354
0,0.32818322549032525
1,0.5788084174470333
0,0.295650584015714
0,0.27794570492816206
1,0.5777699949084055
0,0.29349947887463523
1,0.5519802114392228
1,0.6617913200666123
1,0.5761459089331473
0,0.30499062075045463
0,0.31400610924980654
0,0.32860659011170734
0,0.2483014402893296
1,0.8602058486860985
1,0.621024625307439
0,0.3129720155279272
0,0.2707724443917335
0,0.2831935195733912
0,0.3437487102586113
1,0.5986353841926814
0,0.26280400037384427
0,0.2752637544410888
1,0.8385817967441972
0,0.3204980193901335
0,0.32230993245262285
1,0.6418164283252679
1,0.8191310856771749
0,0.2945045156984873
1,0.6895974764709293
0,0.2682623753737109
1,0.5536197824217787
1,0.5852219602073765
0,0.26045523149761374
0,0.23272682086200125
1,0.5958033767975022
0,0.24887301307391813
1,0.6485281097382516
0,0.26572722468595217
0,0.24689091240996727
1,0.85513012453311
0,0.2750884402006185
0,0.33053218920227906
0,0.25510393781608254
1,0.6124513360983769
1,0.5837069441182767
0,0.26690234053687206
1,0.5546013669954674
0,0.2510286032280975
1,0.8395681784929673
0,0.25454409889099094
0,0.31819431929597647
1,0.6554969048765865
0,0.35742376279680077
1,0.628227237711678
1,0.6124532985733717
0,0.3019433156690489
0,0.281872254279723
0,0.27503755467242463
1,0.5330014124217995
1,0.859502173805236
1,0.5806098865657932
1,0.5653780329270545
1,0.5321026451804596
1,0.5793578172038502
0,0.3124028711033986
1,0.5989027130141565
1,0.6519292364380078
1,0.6161651587288459
1,0.6001324598890061
1,0.8491443214523786
1,0.6136828045657302
1,0.6165809897055236
1,0.8653724586586802
1,0.6458958641409619
1,0.56800983571315
0,0.4949375663950172
0,0.3140811112404417
1,0.5554378394424794
1,0.6259491315339795
0,0.3128206817314758
1,0.6158775343306975
0,0.28889786313090215
1,0.5652658087048725
1,0.6153674880947708
1,0.5713595459047393
0,0.27822912430541424
1,0.5816200300925017
0,0.3058338746726617
0,0.2589014197565535
1,0.550198440534158
1,0.8324042223258928
0,0.2812806554459361
0,0.24983158224154156
1,0.5978593820502486
0,0.31060763243245715
0,0.27214501057432255
1,0.594284611346271
0,0.2659934359616513
0,0.2949077573504035
1,0.6320449477709652
1,0.5505161752516082
1,0.6045141235229101
1,0.5465394420562227
1,0.872485874524596
0,0.2460064958521716
0,0.30689343191606633
0,0.26313024784972755
0,0.26255282284009945
1,0.5795075267817482
0,0.3182279713835167
0,0.2577055660535741
1,0.646289746046891
1,0.8800726875897077
1,0.855061751073433
0,0.231369592914337
0,0.29958650760137023
1,0.5694618317748801
0,0.2823313345769136
0,0.24313942182148582
1,0.5557547159568585
1,0.5888591569312949
0,0.3080301832808294
0,0.29177047411932866
1,0.5459635776340889
0,0.2882784552688899
1,0.8446682201360771
0,0.2938212249743468
1,0.5902232967325471
1,0.5161336067302893
1,0.5622581244785577
1,0.8369608044051653
0,0.25054928625929884
1,0.5149658152792727
0,0.3330766794818875
0,0.297192120817078
0,0.26134206515666136
0,0.2835293382993752
0,0.30690465616988855
0,0.33533036222846774
1,0.6207310210498007
0,0.2234243620359091
0,0.332481009965052
1,0.530194881040699
0,0.23569012814867984
0,0.32227789702032233
0,0.26068858143074053
0,0.3165476045249239
0,0.2537059579558726
0,0.26335966740104605
1,0.5793303533812784
1,0.5619976816948588
0,0.3260194167134184
0,0.2695504555087593
0,0.29691092636934174
0,0.2964696051076488
0,0.27125246342153014
0,0.292068671055001
1,0.552331685057636
1,0.6583183627582071
0,0.2703054109097212
0,0.2751070988804324
0,0.34261848843636794
1,0.8750874561027664
0,0.22017134587505727
0,0.2845725941885914
1,0.570463434920821
0,0.2762645357727796
0,0.28096726377627274
1,0.8776701299394059
0,0.3100530920789958
1,0.6591298705285001
1,0.8751896222182731
1,0.6275903814668681
0,0.2686102779388749
0,0.2728702293017784
0,0.31339984970928964
0,0.2817618305429097
1,0.6516675498453591
0,0.29861360399677545
0,0.26887670236703226
0,0.31517801625969694
1,0.6108920082749952
0,0.26441090785944044
0,0.2923826646509238
1,0.5712764748623402
1,0.5998777879044123
0,0.32544255121980536
1,0.548185959122924
0,0.2883452008171455
1,0.5280862659327129
0,0.28900766439533404
1,0.5418473579081118
0,0.25177212501295937
0,0.27636134010661734
1,0.8612616253412186
1,0.8272433362899148
1,0.6006892143869499
0,0.28182314384567086
0,0.2918555395310071
0,0.2568485171307033
1,0.5939779178888143
0,0.2715571776365417
0,0.30521582558941734
0,0.3156082837576006
1,0.6367494130225285
0,0.28225591628848007
1,0.5711508548270732
1,0.532203206852347
0,0.2797975290375822
1,0.5740698735923294
1,0.5406679525608822
1,0.845149612099282
1,0.5666135215741203
0,0.3069150270809177
0,0.29220444666517376
0,0.3178132105841087
1,0.6061452356429666
1,0.5916895727563369
1,0.6406205071415679
0,0.2632971983805717
1,0.6299142685434085
0,0.32079271120488256
1,0.5460861218921634
1,0.5469534126212416
1,0.8491031189658684
1,0.580704237894801
0,0.2698253714531144
0,0.2582710612562671
0,0.25681635504242556
0,0.29635696829128033
0,0.29361026546152097
1,0.5952078754991698
0,0.2936847834662983
0,0.29109242513704864
0,0.3003428643444961
1,0.5457880010637045
0,0.2554805089111177
1,0.871968270647218
0,0.3103282907461819
1,0.6312451789029987
0,0.26791080283141167
1,0.8506397212206965
0,0.2907699258689059
0,0.31369763181684984
0,0.29029615118172136
1,0.5736659333006694
0,0.28107371701720557
0,0.29902201837409015
0,0.2694358258875775
0,0.2762985423560544
1,0.6062913042395025
1,0.559681927482723
0,0.28481933146758237
0,0.2732062338609623
1,0.5571745490406343
1,0.8647475494708564
0,0.2878025896967559
1,0.8581685111206118
1,0.8696963935966808
0,0.3152170210277271
0,0.27287436929638376
0,0.3093664282212362
0,0.24753691422866875
1,0.5849151917984234
0,0.27464128372618657
0,0.2560737637381173
0,0.25497958471202137
0,0.3013093651693177
0,0.31417876969272734
1,0.8474435209388885
0,0.3162872954263583
0,0.3117636927286969
0,0.27928482344396827
1,0.6043234513526813
1,0.6271112508862282
0,0.21628585816961782
0,0.29299074792075475
1,0.5990731593656564
1,0.8549502451560245
1,0.5945131395683476
0,0.2894608724838004
0,0.29735686017543234
0,0.3279632678701882
1,0.8738135414158628
1,0.6489595609315102
1,0.5526561926733182
0,0.2915235268521208
1,0.5739291553790196
1,0.6113745366074296
1,0.5659786754576607
1,0.5625595407967532
0,0.24167238969874927
0,0.290704963121862
1,0.5738084750410247
0,0.25908750747485393
0,0.29772510670472363
0,0.330187189954604
1,0.5850278574257053
0,0.30543816626137654
1,0.5501584477610896
1,0.5247357341694467
0,0.3098477508193512
0,0.2843835423690108
0,0.2917150183623509
1,0.534944108411296
1,0.8607677363386854
1,0.5933817669032379
0,0.248600966553529
0,0.278072611121534
1,0.8458433994079876
1,0.8637422661326688
0,0.24359700051058805
1,0.6055573718730688
1,0.5462699880143247
0,0.2988983102652667
0,0.29289438420006814
1,0.6246534403116555
0,0.3230076432936752
1,0.8187815904782383
1,0.6073284748636848
0,0.2883795493294125
1,0.5170043817780934
0,0.26279612155849924
0,0.2624527898955363
0,0.3081974389143911
1,0.5964323990688103
0,0.29315353382228027
0,0.2584871620011197
0,0.26683231780884303
1,0.578678026010802
1,0.5681865325891108
1,0.6064024825901037
0,0.2785827642446124
0,0.29377675840755585
1,0.5610299892146965
1,0.6038158069525214
1,0.6104869109243449
1,0.8488060228934783
0,0.3023626031596777
0,0.2730423090748943
0,0.29175115073472635
1,0.8310043900087639
1,0.6008157453227757
0,0.2780723330749945
0,0.2804667776526873
1,0.8893637169434473
1,0.863111165689379
0,0.3034864982894233
0,0.3266529092238604
1,0.8281242593594309
0,0.3163176363888505
1,0.6139833349237556
0,0.32491302123154786
0,0.2976642562047087
1,0.8651379965517463
1,0.5614709009852317
0,0.2917551508637101
0,0.23281486295379503
1,0.561575267218511
0,0.23521183930388548
0,0.29229831143027035
1,0.6230448307218783
1,0.5536779135031498
1,0.5065663944815897
0,0.34162704258632465
1,0.6185624467695376
1,0.5833904772464011
0,0.2949521670415362
1,0.5892175639334282
0,0.29942101691650713
1,0.6097023366574491
1,0.8570566479897077
1,0.8409376129177486
0,0.30434208027172754
0,0.22220067932449303
0,0.30107015399428444
0,0.3108616595020061
1,0.5470855597131667
0,0.28242084631952696
1,0.5356335368757122
0,0.30395860408143643
0,0.3141569815424615
0,0.3102540823650186
0,0.3127022714619803
1,0.5561468532132198
0,0.3065439293503749
1,0.8706254001150056
1,0.8678964016125256
0,0.3281184456701378
1,0.6644380689365686
0,0.25832452324041427
0,0.26275386246229376
0,0.28807827542279574
0,0.2721386402453966
1,0.567692987582046
1,0.5300496108555833
1,0.5613906944255111
1,0.6211238845179884
1,0.8548967320771096
0,0.23519679204931468
0,0.27234540986948164
0,0.23816129922754792
0,0.30671148638970275
1,0.5403151400444618
1,0.8687046670740272
0,0.28833250550795547
1,0.6080657582292162
1,0.6681068963196486
0,0.30567960435280933
0,0.33215538046781307
1,0.5522463228368552
1,0.527316385857826
1,0.596881038196593
0,0.3391876191014594
0,0.3022544420584907
1,0.6256413385642929
0,0.2692934106386147
0,0.27253318828555523
0,0.22559170541733226
0,0.3053932179169807
0,0.2547260595800193
1,0.53539240509193
1,0.8467708313247926
0,0.26696317524272273
0,0.2579503273342237
0,0.27382487247609505
0,0.30375144937922655
1,0.602533515935337
0,0.2919008634362334
0,0.27982239619019955
1,0.5913389497736549
1,0.586807216893964
1,0.5971272594936957
0,0.3448664307849828
1,0.6352088526330276
0,0.3155579111113898
0,0.26784167440743967
1,0.8724145718100602
0,0.3387684048794909
1,0.8298994283368523
1,0.5974090921782688
1,0.555912952263073
0,0.2501645881910806
0,0.2807549516454328
1,0.568895970839575
1,0.6091956749635925
0,0.3420256705792003
0,0.3072071004424425
0,0.32066407668333247
1,0.8741412138663419
0,0.3016541207361007
1,0.5283230698204737
1,0.6226673791102926
0,0.30004557246138147
0,0.2847315806466881
1,0.8421918590422787
1,0.5825182514117954
1,0.5246045464628004
0,0.2624041662392898
0,0.27246199200481513
0,0.2644987652543671
0,0.2735295293482787
0,0.31773761989423704
0,0.28304034657034627
1,0.8396887651672529
0,0.2580798954826513
0,0.3323968728310522
1,0.6237641758272308
0,0.3133295766595889
0,0.26886159634462903
1,0.5719151927134026
1,0.8526669399054397
0,0.2646666683135971
1,0.5639899664956152
1,0.643534878469192
1,0.8452665338214597
0,0.25597786401350553
1,0.6388865359500271
1,0.5505124730651698
0,0.3170108121567836
0,0.30186461774255013
0,0.295877987800325
1,0.6142115726986621
1,0.6154417944270933
0,0.2828218071815196
0,0.294338358594503
1,0.6489297911836278
0,0.32244253256053235
1,0.5609010065268
1,0.5417782274013291
0,0.26275236967793236
1,0.8192380817506087
0,0.28270487078511974
0,0.24102185217958944
1,0.5727077570006796
0,0.31189518988740633
1,0.5505730483603484
1,0.5385957533020744
0,0.31077491651505856
0,0.2735588576666336
1,0.6225914325894703
1,0.5699107235620695
0,0.4993215332171907
1,0.6430703170628094
1,0.5544811660764256
0,0.25589992433838155
1,0.5459263611415
1,0.867797959329026
0,0.30048062220903055
0,0.3072552003387035
1,0.8438894038138218
1,0.8731751149347782
0,0.2918399693930164
0,0.2759663328228708
1,0.8336116708843221
0,0.3049743895711796
0,0.3052962694818985
0,0.26940138799054614
1,0.8853408974131908
1,0.5576123518337135
1,0.60069210837596
1,0.5641408825965321
1,0.6275627374337166
1,0.5906975965618372
0,0.2627628490182151
0,0.260272468839262
1,0.563472685757275
1,0.6417921744411722
0,0.32404884549431817
1,0.5722212399530576
0,0.3056027814510616
0,0.3127089690341784
0,0.23527685380760546
0,0.3105394063588385
0,0.25110827218158843
1,0.8445619419154725
0,0.28706315185794895
0,0.2554651913603314
1,0.5234703217985445
1,0.6465356168548714
1,0.606502030881271
1,0.5565448946080991
0,0.2947804724800904
0,0.2608601512626437
1,0.6347994404458804
1,0.8806310548193834
0,0.2586808086914782
1,0.8740544735185497
0,0.31565031840097796
0,0.2579134506471919
1,0.6362813416459147
1,0.5482450179086624
1,0.6239673396004745
1,0.5913834711514255
0,0.3273104021813145
0,0.3053881788839725
0,0.26498095127072935
1,0.535405425597615
0,0.32679372610209384
1,0.8715587984756186
0,0.2826729981893727
0,0.26428613364117104
0,0.2626331646433827
1,0.600009474151426
1,0.6307092082986525
0,0.30175860266460747
0,0.2396237898690268
1,0.8610790150083801
1,0.5379944545587962
1,0.5119579551912736
1,0.5697356253181515
1,0.8802326048818191
0,0.27546286152861704
0,0.2532499764201569
0,0.3061011478450479
0,0.317554647057066
0,0.26545700112657344
1,0.5933672811621958
0,0.3380035089000915
1,0.5415205454543178
1,0.6210068912744289
0,0.33554080666465735
0,0.3276634258546795
1,0.6060061254687749
1,0.8448269792665946
1,0.5634753928348152
0,0.3135753577072379
0,0.2936316516242682
0,0.25450676915178483
0,0.28030115970918473
0,0.33802960623173284
1,0.5319573434748912
1,0.5942584865352696
0,0.25782105812757533
0,0.32602836896683285
0,0.2454000324216149
1,0.8621942211061888
0,0.2663793868286542
0,0.2889159871325929
0,0.32531014847679063
0,0.3512824145167983
1,0.6160728855884547
0,0.33916899184696625
0,0.3298721582176996
1,0.5808877397203952
0,0.296529228568438
1,0.6087346944099618
1,0.6127193961040944
1,0.8483662760613542
1,0.5091060377835858
0,0.2934980688298786
0,0.30576669347773466
1,0.5383964521770519
0,0.31291982596273665
0,0.27750191728554785
0,0.28718288792494856
0,0.2894097774267111
1,0.6446481200751033
0,0.2874474149896125
0,0.31098701678218954
0,0.2878401292640729
1,0.8803622064910794
1,0.55350251130059
0,0.33617714352089006
1,0.5600574808557357
0,0.2675735970834936
1,0.6162981109161849
0,0.28795393283634063
0,0.30607463529161605
1,0.5277975282928552
1,0.6126257844616958
0,0.2747777330052287
1,0.8741123844936179
1,0.5479975503103319
1,0.6032632747121556
1,0.5654428886352867
1,0.6084112190881273
1,0.6259274609103229
1,0.8482469176786851
0,0.28132873708760375
1,0.8426440111672592
1,0.8571456055474425
0,0.30022058719339934
1,0.6466630754018202
0,0.26516954369091755
1,0.88800281992971
1,0.8758344699836009
0,0.3381027778386324
1,0.556776473588281
1,0.5444382947572943
1,0.6028176199566658
1,0.5634955212288235
0,0.2960469738282634
1,0.6184197160818544
1,0.8303756244517385
1,0.8242973212242088
1,0.5606427448474617
1,0.622319058875474
1,0.8523048488470154
0,0.2785903354509173
0,0.263703491536524
0,0.32687127691221785
1,0.6040063401880864
0,0.2942338808123121
0,0.3019934608321407
0,0.2980219439339859
0,0.2588283302733691
0,0.24668458310152488
1,0.8405516204187914
1,0.6031633850234371
0,0.2541434466564988
1,0.5323753353380618
0,0.24539560136466068
0,0.2585256098937608
1,0.8378357111314972
0,0.3182892686841904
0,0.23262060682544167
1,0.5779193080351704
0,0.26504707217755247
1,0.8153872311384093
0,0.25795078560478174
1,0.5874668595695611
1,0.5385454698146881
0,0.2526618750177337
1,0.6886194964776128
1,0.5963730692387269
1,0.593539452828107
1,0.6438419808946484
1,0.6326658589499106
0,0.28004207203127296
1,0.8456792460884431
1,0.8537540426186657
0,0.26558611798515275
1,0.6258690901003436
1,0.5629668241411455
0,0.2617842696489016
0,0.28175460387420254
0,0.29217732014899167
0,0.27284512376342135
0,0.3210976713103695
1,0.6095922013925604
0,0.31320921194125895
0,0.3092883476382372
1,0.5868970593164241
1,0.6826941166583569
0,0.28145576852186055
1,0.6899298104390927
0,0.2940063754925515
0,0.28700058093279596
0,0.24897453273995257
0,0.3179109923082144
0,0.27783522751777956
1,0.5841923760373061
0,0.31998640329442146
0,0.24656436624180764
0,0.2883413638466074
1,0.8535513988068546
0,0.3221842094565383
1,0.6148004004750954
0,0.2813901332884632
1,0.5657379637897866
0,0.31037721327740214
1,0.616227464844175
0,0.30645766985194395
0,0.2844258314544934
1,0.5344702556675017
0,0.25396381721063166
0,0.30783029215671803
0,0.33469903375076665
0,0.29917134527097805
1,0.5361704893173491
1,0.5244193289972945
0,0.30151961842907804
1,0.5248468258175728
1,0.8472136006041007
1,0.6133196281802541
1,0.686530798553138
1,0.8761325029836237
1,0.8297196184756211
1,0.5785142502368354
0,0.3104994714368641
0,0.2570033717481358
0,0.2504395613253527
0,0.32679339936453555
1,0.6113484000014094
1,0.5332207086731654
0,0.2839322206204992
1,0.8753572987964514
1,0.5763221815850733
1,0.8550093499295893
0,0.22398357458141357
0,0.26496367083947864
0,0.2540768431025995
0,0.29400722729050055
0,0.26919103260499505
1,0.8686415799965492
0,0.49642997088571006
1,0.854019604238117
0,0.23053987422918298
1,0.6039055358758751
1,0.5786974490249841
0,0.2803573031645744
0,0.26570700107879663
1,0.849186056652242
0,0.3263755739629555
0,0.3482600499012587
0,0.2789034185849768
0,0.31530616811775275
1,0.6007113584065288
1,0.5206115340273219
0,0.25616644757872775
1,0.6242471167664028
0,0.30090320350452915
0,0.34413939291030443
0,0.2334131087348728
0,0.29281063420313685
0,0.33196026952826135
1,0.5562538115855772
0,0.2932654610846657
1,0.56265543905889
0,0.2861345242024901
0,0.24986044477944044
0,0.24112406487733593
0,0.2979834560542542
0,0.3050231705057299
0,0.305864074871103
1,0.5843833352391569
1,0.5920761195533986
0,0.2813840342281237
0,0.27937673862092477
1,0.5118917573295276
0,0.2555663672005048
1,0.5824735056070999
1,0.8567073745394698
1,0.572755790345405
0,0.27721168617218916
1,0.6476450156719712
1,0.5909561008118754
0,0.2729566347526746
0,0.29287533249794584
0,0.2855681225153868
0,0.3008358552366793
1,0.5829930531405235
1,0.5982318190019802
1,0.5722895309505213
0,0.3184808863752419
0,0.3171154016405718
1,0.5382744278774192
0,0.3161499072814187
0,0.3073619056386949
0,0.24953313151836157
0,0.26929348052703245
1,0.6045604591614732
1,0.6324485253739223
0,0.2926403314442636
1,0.6249154205135616
0,0.29432861595245613
1,0.5216971515973784
0,0.2759721131100077
1,0.5535287967146879
0,0.30568386189792857
0,0.2719002558022194
1,0.578107019661808
1,0.5755010997236522
0,0.25789120123305326
1,0.6015922612188526
1,0.5891708509236289
0,0.2714304419116654
0,0.2780301738908935
0,0.2966091549780755
1,0.5944371267320178
1,0.6212793144912624
0,0.25471457338360975
0,0.2640975897486506
1,0.5791200864475585
1,0.6688021088713513
0,0.2637019090182444
1,0.5456451393153616
0,0.2959506928031545
1,0.5957695393185515
0,0.27433303654032265
1,0.5606399358355114
1,0.5421773379993575
0,0.2851256220074424
0,0.3219762034179991
0,0.33976149833875263
0,0.2962279020046246
1,0.845324281138349
0,0.24176548082155866
1,0.5858943467997845
1,0.8782471034863458
1,0.5347375836102254
1,0.5981050468403337
0,0.2691027866191854
0,0.26879095909756384
0,0.2888538555364074
1,0.5418746402192389
1,0.5664661352395605
0,0.242461804364727
0,0.3104006399351529
0,0.26393544870184193
0,0.29308745680386017
0,0.2916086860827184
0,0.2740484409485354
1,0.6158418790670042
1,0.5409748714758745
1,0.5198436498702661
0,0.28385891050774514
0,0.33881677740274974
0,0.29202318854778364
1,0.5068890027305305
1,0.5258566230276598
0,0.24098274740320588
0,0.26253819171184795
1,0.6254842474013048
0,0.3119225608694473
0,0.279608819760892
0,0.3102889991340695
1,0.5776258530738474
1,0.556269440765896
1,0.6170967619117772
1,0.852972375230285
0,0.24369860601093749
0,0.28200581968973626
0,0.31723568466168844
0,0.27826069902635936
0,0.2929261368397997
1,0.6232162507092781
1,0.61720344360476
1,0.6218021378701579
1,0.5562916366329124
1,0.584561992658915
1,0.6135559599654257
1,0.6034172468973799
0,0.27746748084404405
0,0.2839426608734435
0,0.303375227439772
0,0.22297808166105557
1,0.54624782403567
0,0.3218495726923737
0,0.3162007143811775
1,0.8428674961667791
0,0.22885876908252917
0,0.3200714339403346
1,0.6802276343692691
0,0.2922182165354337
0,0.2705334155510071
0,0.2739278239751845
0,0.27629744354955943
1,0.6168589499074134
0,0.30536545459290804
0,0.2903305739078672
1,0.6717832553692882
1,0.6377862596565409
0,0.3295411199769536
0,0.3513309818702177
1,0.5778125837879294
1,0.8305329005219716
0,0.3023070305086988
1,0.5574088364230917
0,0.2932092712160429
1,0.5659041288292627
0,0.2985852175328264
1,0.6234490915924865
1,0.5743943442796874
0,0.25589277633233787
1,0.8584650941556544
0,0.26581742839462935
0,0.3105469191913992
1,0.8623157653252195
0,0.30241905712281203
0,0.2619951977803434
1,0.5754668737102699
1,0.5432575712423342
0,0.3244007795248992
0,0.25157969049225637
1,0.5776672232486644
1,0.5576193328533536
1,0.835757031964982
0,0.2954143474591178
0,0.2831034838612692
1,0.8725688709318234
0,0.26955893548620175
1,0.6414225797330183
0,0.2762632520634184
0,0.340725848679428
0,0.2819864475655762
0,0.28107361476035714
0,0.2611443996695293
1,0.6463416479833874
1,0.620261462301398
0,0.30831046631249165
1,0.5793276757036744
1,0.8505236272692259
0,0.2920446778523102
1,0.535359782466675
1,0.6234805363115499
1,0.6496749247260183
1,0.8621400364716414
0,0.26372871789981
1,0.6387908926090022
0,0.2832595931897834
1,0.8410101909517694
0,0.28494905540820614
0,0.27473600718416585
1,0.6363467110808552
1,0.6021882094760292
1,0.8896084978977425
1,0.8681955442110327
0,0.26637923184826867
0,0.2318817840830546
0,0.263205886515721
0,0.2528220630737868
0,0.3190263115800413
0,0.2967186987708736
1,0.6541976557470429
1,0.6167575335532162
0,0.2965831914166329
0,0.2833613083236605
1,0.5636650745338823
0,0.31581527218782124
1,0.5651284491972445
0,0.27159395647853546
0,0.2640318930265751
0,0.3335301987286017
0,0.30668549256095046
0,0.2967386293504365
0,0.2593417094598977
1,0.8804178470424371
1,0.6043972166708085
0,0.2647706240660695
1,0.6840353494860422
0,0.3067903580460573
1,0.8492412896729853
0,0.28028792877806996
0,0.3085768804170469
0,0.31073356715014877
1,0.6259654747867381
0,0.2712008825955913
1,0.5492375758706687
0,0.28339551513433886
1,0.8424084373161944
0,0.2941800614319578
1,0.5863684649509823
0,0.28916483285251227
1,0.6121658112667077
1,0.8638979801187671
0,0.2418002814581285
0,0.3011468226159545
1,0.5317242393223334
0,0.29568353393332336
1,0.616040472250819
0,0.27559690334281706
0,0.30138798462683297
0,0.24011335261173525
0,0.2875681243530424
1,0.8314942140945776
1,0.5429143473688218
1,0.5967290879549311
1,0.5827453023787875
1,0.6295847807763297
1,0.6019097912313318
0,0.21929693234965394
0,0.27832120059857746
0,0.24279693424841428
1,0.8576721345340165
1,0.8790317919813366
1,0.6655624501882695
1,0.58960005528343
0,0.3025906436732482
1,0.5474492179287076
0,0.3023596720882487
0,0.30421764586717526
0,0.28891479764989275
0,0.3054379497989133
1,0.5902184477932507
0,0.3131150384840165
1,0.5928746806999913
0,0.3202137539598507
0,0.2557473216355406
1,0.6215580757904772
0,0.21247177035314282
1,0.5812097538550439
0,0.25461250258225837
0,0.25824606303529735
1,0.6265516890085399
1,0.6247806345925995
1,0.8435132852727297
1,0.6144984110740409
0,0.27460134312070306
1,0.6094689975585631
1,0.6393704942564403
0,0.3314294495114586
1,0.6098990059795758
1,0.6437899050087005
0,0.3461438035229863
1,0.5709413090582748
1,0.6105538128679533
0,0.2611379761427083
1,0.6134059038592211
0,0.25928916953350245
1,0.867070805331013
1,0.599767494841672
0,0.30647895612561565
0,0.3384001620307245
0,0.2645287857741519
0,0.2998033156352968
1,0.5578105862235018
0,0.26834736163909123
1,0.6223605825230214
0,0.3043504405936997
1,0.5593871327263742
0,0.28190495812606214
1,0.5164240981332192
0,0.28229145713411413
1,0.8582294508063516
1,0.607124254004209
0,0.31265266984112666
1,0.5753380930183263
0,0.22423829115236443
0,0.3129595026191379
1,0.882045752930816
1,0.8691171272817924
1,0.8478162683991619
1,0.6152113981881521
1,0.6348660713298344
0,0.28033068391203964
1,0.8755842099966112
0,0.2606708258577033
1,0.5601506019963156
1,0.6231436884650245
0,0.24319454841533328
1,0.6387258490790229
1,0.8710500201649236
0,0.2576030198138514
0,0.33942692716362205
0,0.2817749230339545
0,0.2642252934045334
0,0.25772282384654405
0,0.3041311245078393
0,0.25565366699835224
0,0.29470300193273785
0,0.30501560713851084
1,0.8452822569452837
1,0.5386791136575129
0,0.2515784324909413
0,0.25571952702063144
0,0.2917119796610682
1,0.6203679091205214
0,0.3280180858864122
1,0.8664999762515748
0,0.2833045247605448
1,0.5484505235852939
1,0.5508588375685743
0,0.3180304977810799
1,0.5645124781360736
0,0.28503983295708085
0,0.31014021538669273
1,0.5624045467686906
0,0.2614671282968453
0,0.29883170252509894
0,0.2962058950027244
0,0.2802192526265217
0,0.27891953822675547
0,0.28705810163086554
1,0.5996978639953017
0,0.2774206475051155
0,0.31088402321263703
1,0.850073519452858
1,0.8559669973417172
1,0.878034055503589
1,0.861498771088168
0,0.27585832676492567
1,0.5645100802873424
1,0.5257441678745808
0,0.3014752644916733
1,0.5796487425401345
0,0.32112218237571427
1,0.5685913810087065
0,0.2907069225546359
1,0.6259523926045005
0,0.2608769765693905
1,0.6230243635754928
1,0.8627302822843135
0,0.29798908402080654
1,0.6475031842083028
0,0.3234342559699184
0,0.3013668638425584
1,0.8599413786557939
1,0.6016725832333377
0,0.264570109085685
0,0.3082981580928751
0,0.27282432532955164
0,0.29118087996064845
1,0.6050791251408711
1,0.6061791173294848
0,0.2635725188507283
0,0.2614692240739258
1,0.5778214907711011
0,0.2713007626623556
1,0.6049409478288335
0,0.49395595473857923
1,0.5387242487524269
1,0.8711004754445009
0,0.23581123723983596
1,0.8785884712036189
0,0.330880040269564
0,0.2712390583127747
1,0.6028737928556718
1,0.6157208536111977
1,0.603818720869801
0,0.2238429734990416
0,0.28463772244348984
1,0.632718015648336
1,0.8539742465539515
1,0.6264837413366554
0,0.27469542695943777
1,0.6406818949683205
1,0.6364046775268899
0,0.269676712168545
0,0.3013883295765094
0,0.2866413958101913
0,0.24436041912006531
1,0.5468887640673712
0,0.24544526870526748
0,0.3069562364428924
0,0.26373654129454155
1,0.5723810218840476
0,0.2510191841356718
1,0.6594005677899057
1,0.6721126127913986
0,0.2969597462435533
0,0.3346769280091729
0,0.2573709626649762
0,0.3263407150430801
1,0.6387835713407671
1,0.6325566303863027
0,0.3426152972642801
1,0.8674457405513474
0,0.32527352717323277
0,0.27214045728972
1,0.6210383643918755
0,0.295205230685289
0,0.3255945272397037
1,0.6611258683248019
0,0.29771785711789583
0,0.27501153338291373
0,0.24796461674090492
0,0.2957972983978499
0,0.2590989972439124
0,0.2910866617400218
0,0.2749710935912122
0,0.27191421344151523
0,0.29639358139407984
0,0.31391592571211524
1,0.6125532936413265
0,0.3126665506280783
0,0.23718529709396335
1,0.8494861994390729
0,0.30052628329651543
1,0.5512985195070589
0,0.29663203099633556
0,0.25203814232262145
0,0.27695369282602195
0,0.2607163833553163
0,0.28924838704976724
0,0.2933860673087806
1,0.6328451293654124
0,0.3095810925632995
1,0.5903337140017566
0,0.28112025546939695
0,0.27882835392890604
1,0.5100139199755362
0,0.25787113399845213
0,0.28071050613141796
1,0.5617646017871173
0,0.2838148957695928
1,0.579453366222738
0,0.2771862691474438
0,0.3303146734770895
0,0.2703091309976218
0,0.2473489153031383
0,0.26567348240120364
1,0.6132566503183748
0,0.24569031117327414
1,0.617929004377215
1,0.6672508521111273
0,0.29802654985770854
1,0.6488425768797168
1,0.606987693492782
0,0.2780677578157067
1,0.5088661698854704
1,0.8435662218711804
1,0.8681238953632189
0,0.30415785205563217
1,0.568880062999887
0,0.25297176690182344
0,0.31778183259205656
0,0.2610122535642132
1,0.5459575034945047
1,0.5673376447375436
1,0.8340499931293065
1,0.5926432282772999
1,0.5574052425468472
0,0.2948095187077398
0,0.29583556886839973
0,0.29723207202488866
0,0.28072467445777666
0,0.2963510672035506
1,0.8579477747105162
0,0.28698211627935616
1,0.8686369845210833
0,0.2984157356637358
1,0.5506330215120122
0,0.2519661068294862
0,0.2724073510804444
0,0.27847880469681574
1,0.6445062754222716
0,0.3146954046125945
1,0.6078603344443807
1,0.6707154901373044
0,0.2840056119049057
0,0.30299688943047953
0,0.2534110078612814
1,0.6140779440674718
0,0.28678894137077127
1,0.5944998478434657
1,0.5847460144478758
1,0.5870323162179854
1,0.5283065787458124
0,0.2756525871845222
0,0.2894630050598759
0,0.26662805180874727
0,0.31529844723364686
1,0.6561352353559627
0,0.28871629263258974
0,0.28901876636594304
1,0.6255398297495793
1,0.5437065327780602
0,0.29626149089366105
0,0.27220968150660746
1,0.5201107034434389
0,0.30696356121610696
0,0.2766515934793903
0,0.2790504909326445
0,0.2845174783669416
0,0.2949373047508168
1,0.5520192760373563
0,0.31325419720760794
1,0.5936983223553329
0,0.2699246914558015
1,0.6049283516694439
0,0.2855679006490623
0,0.3173643905422793
0,0.27433430247143153
1,0.5885449741920182
1,0.5830361089398712
1,0.8469935949975517
1,0.5844533117533783
1,0.572632919684183
0,0.2964268842918174
1,0.6451487552996242
1,0.5481829277859148
1,0.5567211680552113
1,0.8635798267295756
0,0.3061090113574431
0,0.2737393005568288
0,0.2804727165029709
0,0.26916983049750126
1,0.5665134629675931
0,0.234080004984594
1,0.8393557545697325
0,0.302604907483053
0,0.24027497154399044
0,0.3174977226380217
0,0.32109279717905986
0,0.3303843481613925
0,0.28481095067844364
0,0.3033820830957539
1,0.5264895105460892
1,0.6503412414988041
1,0.5516309719971871
0,0.2566667614728224
1,0.5570340497982353
1,0.5996258680854462
0,0.31047576133585997
1,0.5854172189208847
0,0.2677523961054164
1,0.6094906443521129
1,0.5769040000720107
1,0.6343302310258703
1,0.6143152033429704
0,0.26475115063064997
0,0.30901621167661236
1,0.8771690393466437
0,0.2778795744164045
1,0.5452381164142883
0,0.27492765771411926
0,0.2758953809773061
1,0.598045542009216
1,0.583892084552592
1,0.6542115985083568
0,0.20193858171155984
0,0.2684431220087822
0,0.303862492947195
1,0.8672839615350268
0,0.3007976815747417
0,0.322029546059402
0,0.2874658517884544
0,0.26912842187638675
0,0.3186267987908405
1,0.5742678525208518
0,0.29933857927609353
1,0.5535332915891769
0,0.3029227122024578
1,0.8334317069300766
0,0.3131621978985562
0,0.31699589789823074
1,0.6143010450462755
1,0.8749805519333351
1,0.5994195581050977
1,0.5306792561404398
1,0.6921230493051702
0,0.27190156812102406
0,0.24276722495500502
0,0.26289423699522846
1,0.5763612561944506
1,0.5975847619793857
1,0.6359106580048409
0,0.27008233238071117
0,0.3074058043295932
1,0.6241035280495392
1,0.6947325202955569
0,0.2991304840806026
1,0.5895904087014924
0,0.24452485466143653
1,0.6029898948177219
1,0.8650114546807828
1,0.8825739302621313
0,0.295672351157473
0,0.27451362891820064
0,0.3234932467946313
0,0.2563141797934212
1,0.867056685810107
0,0.3157202999402787
1,0.6398968793214997
1,0.5976914087091325
0,0.33381596661131485
1,0.5870154715414608
0,0.285527726336823
0,0.3205672803002236
0,0.234478340066058
1,0.6279459172270107
1,0.8789518807367276
0,0.28695291496209635
1,0.6289000333899216
0,0.267513395371051
0,0.28447001357065466
1,0.5848758141686818
0,0.2767033072978764
1,0.8444987430424473
1,0.8745674058728741
0,0.24564104210039678
0,0.292287886926285
0,0.27674128146323895
0,0.31456142449467717
0,0.25662032889804526
0,0.327973438359627
1,0.6015163723398755
1,0.6133496348816503
0,0.24709065113308165
0,0.32936503370128756
1,0.5785215173585551
0,0.2501901909048298
0,0.30245838507528905
1,0.61738339500858
1,0.6172181504058634
1,0.6079675028717746
0,0.3327174688662754
1,0.6266022165803052
1,0.5935309804032255
0,0.3215259241177815
1,0.8420249795191321
1,0.5632726228716727
0,0.3068996641957164
0,0.28427861829987755
1,0.6303101658283657
1,0.5397805582287787
0,0.2683257635632601
1,0.5564064778305358
1,0.8816462119940336
1,0.5664212734370642
0,0.3253859342059473
0,0.2733329070107628
0,0.2903388430541825
0,0.34285754387778605
1,0.6124014803176123
0,0.26059768399738087
0,0.3067604292523587
1,0.6361972098027973
0,0.2769659505693722
1,0.8345799945090155
1,0.8621368510944754
1,0.6090519820402182
1,0.8610800334794682
0,0.3037523439894026
1,0.8346431047976869
1,0.5500314365303715
1,0.6049412815379202
1,0.5537305880839214
0,0.26131194473969116
1,0.8540801519517934
0,0.2759911212117802
1,0.5947940434166781
1,0.5831325905727814
0,0.2664498998164589
1,0.8454343902127227
0,0.2602857162434679
1,0.572780445077718
0,0.2691902126092928
1,0.5999839003029888
1,0.5293627785970186
0,0.2792828213907632
0,0.2903422289000466
0,0.2589542531410303
0,0.3165195488536832
0,0.2715192186202602
1,0.6437904293397504
1,0.6440271202063304
0,0.25794760530003896
0,0.2715268284244559
0,0.2341972027078148
1,0.5997430098807054
1,0.6359689621595705
0,0.27894312240138847
0,0.2748453625952962
0,0.2781160639536462
0,0.30010331655812467
0,0.2785149619614704
0,0.2827812665070061
0,0.29894126161926216
1,0.6045213661720078
0,0.25716994517541975
0,0.29951250410066466
0,0.3082252477529187
1,0.6008600535285921
0,0.3319262921292146
1,0.8609938460718194
0,0.3003176247273795
0,0.3048807851859013
1,0.5711694052417433
0,0.2837711495016817
0,0.271825442572088
0,0.3214830565900722
0,0.3093767370650468
1,0.5769468626211429
0,0.2859490657896015
0,0.24831915177030875
1,0.6170766320186009
0,0.30883606939489755
0,0.31744645823279305
1,0.525388212324608
1,0.602381507109868
0,0.27211591168001326
1,0.7991356510494496
0,0.31014021538669273
0,0.25182038275083857
1,0.8808208994922397
1,0.6262586112047825
1,0.8697461893956415
1,0.6143133021830546
1,0.6321736605500274
1,0.835147256546682
0,0.3094648273456834
0,0.28711877462334057
0,0.292630659352929
1,0.6446330868099552
0,0.2728773611455765
1,0.8602775784162353
0,0.3167009159733012
1,0.6028623838580067
1,0.8664904304064117
0,0.26625139952517984
0,0.24650791369068506
1,0.5818051451284936
1,0.6432150534352626
1,0.6360567371071143
0,0.2802824077159099
1,0.5984778771482855
0,0.27660044659418276
0,0.3139361661085203
0,0.3080130774587367
1,0.8524300086670948
1,0.5648047609536164
1,0.875520025030386
0,0.2909965902208508
1,0.628482894010849
1,0.5627741783214878
1,0.5789061855081846
0,0.29167932930513896
1,0.6580497347299405
0,0.22910620938528248
0,0.30675970985772294
1,0.5749874210249548
1,0.5759896806190692
1,0.5972283374568483
0,0.26368846718585615
0,0.2841171503318865
0,0.2625117600047814
0,0.2259879250688981
1,0.5938952314859101
1,0.6240260369985771
1,0.5987404908971442
0,0.2845588803332646
1,0.6127853594571864
0,0.2927759266583283
0,0.3090555358931478
0,0.3281816338952346
0,0.34321526089107046
1,0.6024830100329007
0,0.3225342206874735
1,0.5658971168665808
0,0.2780352040219682
1,0.5777648395134649
0,0.24066764417740286
0,0.2628013552529035
0,0.29405774086620373
0,0.25210912427792925
1,0.5510250334455988
1,0.6301489691498501
0,0.23916567521892243
0,0.3369754616324342
1,0.635593415521389
0,0.24206757363498474
1,0.6532052853641757
0,0.33582870785929664
0,0.3012618784610525
0,0.30035482961306015
0,0.3013028367941658
0,0.2741733677918808
0,0.28584563174563443
1,0.6332484689582876
0,0.2989610761764977
1,0.5993144772428051
1,0.5587453630358443
0,0.2768342252106698
0,0.2905291452232156
0,0.27927119736607636
0,0.28515295642487043
0,0.2998297896358173
0,0.317239570244596
0,0.299458716590394
0,0.22076999418109713
1,0.6362531376277067
0,0.2519775291453453
0,0.27461507262594237
1,0.8436774173185013
0,0.30419647154825
1,0.5385444120700936
0,0.29916201681768567
1,0.8694513124324553
0,0.28721673453405805
1,0.5712947213616151
0,0.26184244291117614
1,0.6274867048325934
1,0.6183690773212063
0,0.270453351767163
0,0.24443082513877543
0,0.29259193819400026
0,0.2761380176084211
0,0.3357844706063054
0,0.27110966348515025
1,0.6066884463241875
1,0.8824844944557286
1,0.5598374657209853
0,0.28933247819865493
1,0.5659341541886085
1,0.8419829190252457
0,0.26809880799668706
0,0.3071608290323388
1,0.836309758528304
1,0.5464606921866377
1,0.6242276423397306
1,0.8725730635306413
0,0.2653054301617137
0,0.2530573409490308
1,0.6051082780438081
0,0.23344541810752972
1,0.5767730435574214
0,0.2900643455852211
0,0.280730359047234
1,0.8666578377492725
0,0.3426905841599224
0,0.3033781112890888
0,0.2652004497541487
0,0.306258274844193
1,0.588978228184152
0,0.27985537154118056
0,0.2862200980116032
1,0.614224517666286
1,0.5863458126064309
1,0.5653719685809191
1,0.5581489115221004
0,0.3046482303680642
0,0.26330589847524205
1,0.6150839326348161
0,0.31888487282519845
1,0.585971809002242
1,0.5412176498306839
1,0.5983575602854087
0,0.2706747885615371
0,0.25948340681194004
0,0.2554512518166634
1,0.8684263587154408
0,0.2628211687280546
1,0.5327535581913379
0,0.3785362992285891
1,0.6230440776955635
1,0.6238320275184528
1,0.6170680307750342
1,0.8674275895483942
1,0.6093378426367909
0,0.25580324468482185
0,0.27525285664004223
0,0.3201624578652502
0,0.27331948054051974
1,0.5834598732431148
0,0.2947144380280615
1,0.546831548480458
0,0.30837234489890586
0,0.26659882026043297
0,0.2910451622427119
1,0.8563921695467148
1,0.5209076744017366
0,0.31039923085503185
1,0.8527256759188916
1,0.5657188925793575
0,0.3075208983455326
0,0.2722457491256936
1,0.8601102578689135
0,0.2908401992690684
0,0.278148571664722
1,0.5652472102204599
1,0.6056662696066814
1,0.8648827639212124
0,0.2788325660715176
0,0.30188637899407444
1,0.6400152847323136
1,0.5267550335663405
0,0.27996695989630543
0,0.32948526290892444
0,0.2957085545540496
1,0.6022804469294435
1,0.5876420174891985
1,0.5046906335120631
0,0.27411973366787223
0,0.2777514367250818
1,0.5848212578127263
0,0.30363345764697597
0,0.28623534997542033
1,0.5285374482964048
1,0.8268239388902743
0,0.270466355652762
1,0.6099698865436938
1,0.6034686134970891
1,0.8652000861913766
0,0.2849787271040949
0,0.2746770134630758
1,0.5383336604994332
0,0.2632034539481365
1,0.5794221427949585
0,0.2795883855669268
0,0.3086070559193535
0,0.31511805136904336
0,0.31389263065676976
0,0.2928189813008537
1,0.5176072495485398
1,0.5886772400380409
1,0.5619598488338798
1,0.5361044307056073
0,0.26178052014049435
0,0.2686332392059223
0,0.340770855032402
1,0.5507122383286019
0,0.3232459050504407
1,0.5454605139445461
0,0.2265385094316621
0,0.23436703245772597
0,0.32083961688230556
1,0.8408792895694113
0,0.3443080034863003
1,0.8677933185604458
1,0.6080481825806985
1,0.5675626945851935
1,0.5525949109131448
0,0.257114026785209
1,0.5844315198118663
0,0.24421356623216897
1,0.679882765310428
0,0.2592688451116209
0,0.2941060781575479
1,0.6219492763186968
0,0.2769606810600778
1,0.8491527276787042
0,0.2712200192298719
1,0.6078399565821374
0,0.29648079440502223
1,0.5399002421230616
1,0.5242889551245595
0,0.2664392856575452
1,0.8628064616656606
0,0.2738466042018727
0,0.2879654724931561
0,0.24676533151281024
1,0.5773665324769949
1,0.5815628476182066
0,0.30982212279208005
0,0.2691313662920145
0,0.3087594317831847
1,0.651922978060687
1,0.5016719267096317
1,0.6497612358768496
0,0.2400680591992977
0,0.2870854463201286
0,0.26881808854502187
0,0.24798387705147812
1,0.5565415998289205
1,0.6335146858856578
0,0.29896020897767944
1,0.9055184132887916
0,0.2880139273949914
0,0.265634234855314
0,0.29996425148781314
0,0.2973156031235848
1,0.6092148288425354
1,0.5775298554842812
1,0.555141556407126
0,0.29568335881973956
0,0.3300908836742129
0,0.2969728693983386
1,0.8546188337095453
0,0.3215660923624221
0,0.29663458639062873
1,0.5921725778636702
1,0.6012805895620659
0,0.3211297603936133
1,0.5863488535403978
0,0.3161331378934275
0,0.2763239618090468
0,0.3231529880949704
1,0.5572835664654312
1,0.5434798883235421
0,0.2812273319435372
1,0.5066986214787312
1,0.6279886917696081
0,0.28144940847237965
0,0.2615361205343359
1,0.5571716448094107
0,0.2861794993169189
1,0.599190315278499
0,0.2969819437487151
0,0.273092104895141
0,0.3061272953712515
0,0.2904923213178578
0,0.29591868263538423
1,0.8360094516738207
0,0.32295899905921127
0,0.3042022542603793
0,0.27891231797299715
1,0.605372832324081
1,0.5307886341627166
0,0.23674548254341155
1,0.6004458534656852
1,0.5946070663721895
1,0.6260006607852626
0,0.27976421602940943
0,0.24147381123676062
1,0.6153382391918046
1,0.6460604440098655
0,0.3093325655261339
0,0.3041543048903889
0,0.2687919367470199
1,0.6253316059006107
1,0.6600194447099018
1,0.6892081127899282
0,0.2666616310697411
0,0.26407240600418763
1,0.6200881191411209
0,0.26409307145820154
0,0.30038638025611775
1,0.6116810531234561
0,0.31374101173453933
0,0.24201316265876763
0,0.3005319435840552
0,0.23808338028502615
0,0.29237347426887744
0,0.3001822154381277
0,0.3049408295003011
1,0.8365510486614312
1,0.5786048917643818
1,0.5842997945940206
1,0.529712078069367
1,0.5985480848666905
1,0.6316026917957198
0,0.24544724213925873
0,0.2646779515625471
0,0.2818277183071813
1,0.5707235325933636
0,0.2276767815340997
0,0.2549210444812949
1,0.8753064897750635
1,0.8820260050254288
0,0.29321936973856144
0,0.33783063499731136
1,0.8849164177911807
0,0.2721588821930515
1,0.6843842534551983
0,0.2609989959309023
0,0.31922114987647426
1,0.6060026618256097
0,0.30724804274941786
1,0.6512562806285296
1,0.579640049987504
0,0.2995119995663563
0,0.26654893556754494
1,0.8391754989685813
0,0.2750664243548228
1,0.6401198272397726
0,0.2587263551978708
0,0.2792165527464573
1,0.5563219803895303
1,0.8463472668874651
0,0.22455088844058577
0,0.3107049212372056
1,0.6425643633527556
0,0.21455639668378285
1,0.877847723507699
1,0.8678241851846158
1,0.6025698645423239
1,0.8652735929789711
1,0.6231580509029094
1,0.6252948057863529
0,0.27834717247515006
0,0.2839570268620317
1,0.5645073289726799
1,0.6140997693378135
0,0.33234422703039196
0,0.4986787730526555
0,0.30505295685521816
1,0.6464021527539731
0,0.24660377176649712
0,0.2807678516896842
0,0.2956170635895659
0,0.3185480851721495
1,0.5458182284675693
0,0.2777577479579705
1,0.6189002249584892
0,0.22008042067593153
1,0.6050751108580871
0,0.30395138728990295
1,0.6394625168437503
1,0.6406136379073762
0,0.2558258630840837
0,0.3220743846616251
0,0.31358877573551847
0,0.2969078436761957
1,0.8110160808175573
0,0.2394886347309013
1,0.655586167186115
0,0.26462770911302336
1,0.5598263863015756
1,0.5350871126582687
0,0.25324569851319967
1,0.5807842773391739
0,0.28398400862840434
1,0.5138723458616883
0,0.24198555904279842
0,0.32558769818870287
1,0.8511644097703118
1,0.5822951769704223
1,0.6069918746255377
0,0.2884609967203467
0,0.23930004940433955
0,0.3175090217226946
0,0.2959807098830004
0,0.31760592080390293
0,0.2657625508050487
1,0.6122636646263255
0,0.25563474053916213
0,0.31460801453451825
0,0.3241105799743966
0,0.2925675439917721
0,0.3386794655946502
0,0.25600785270417503
1,0.5796568895325975
0,0.2725870009605797
1,0.530358504202603
0,0.269392039935852
0,0.27739481389903314
1,0.880437006905182
0,0.3198372825733479
0,0.20421379892229835
1,0.5613059135467992
0,0.2780691901199032
1,0.5844763129229793
0,0.27827330182004145
1,0.8461929753695837
1,0.6093209907113087
0,0.2998547510985166
0,0.2530705864358394
1,0.8608233918337841
0,0.27692329036289637
0,0.2746705114240034
0,0.26462265565719684
1,0.8689588483083662
0,0.28969791672926776
1,0.5462152738491822
0,0.2997131110401818
1,0.6017168636647622
0,0.3095045952787487
0,0.29948233203159014
0,0.2710529640405839
0,0.3398777964736519
1,0.644816845398599
0,0.25507614469466544
1,0.8447038674284695
0,0.2441505598532034
0,0.2955168564129615
0,0.28140936533421557
1,0.5653457410526735
0,0.3099839626327849
1,0.5733773090582283
0,0.28504825192540223
0,0.2575597932780586
1,0.5790136720151333
0,0.2908645344851473
0,0.2621692884267633
0,0.3130462128624157
0,0.24150874913050507
1,0.6383449653106863
1,0.6671516448723965
0,0.25936275906886974
0,0.27615527585210387
0,0.36475068700436425
0,0.32182233897295554
1,0.5885000260664129
0,0.294062319634462
1,0.879950333132777
1,0.5746117440388955
1,0.5572329332756348
1,0.6666291577706893
0,0.24725776693608173
0,0.2245496871213916
0,0.2851212435768212
0,0.32322642717266503
0,0.32522351806052807
1,0.6083797272902782
0,0.3305127942618294
0,0.2412401415195955
0,0.2668323906067746
0,0.28654132746769134
0,0.3171370311622057
0,0.25402769701182
1,0.5834180823386987
0,0.2556518885716387
1,0.5298638212953429
1,0.6417674373447193
0,0.3094260067402242
0,0.2824834975652656
0,0.31143586772566784
1,0.86529338033172
0,0.277186658114263
0,0.2930029767662206
0,0.25586800022679607
1,0.601202505840569
1,0.6285122334964276
0,0.304839606642342
0,0.274538082775367
1,0.8739959426828746
1,0.853835688761379
1,0.8468145385346301
1,0.8638083768310579
1,0.6038800749878463
1,0.5986297223661903
1,0.85809647258115
0,0.3301809818628854
0,0.29089824588854096
0,0.24040427307429837
0,0.32452697684596854
1,0.5474719890759522
0,0.21633874268923536
1,0.5796846737096358
1,0.5499152922817203
0,0.24678144415902817
1,0.8782439748990181
1,0.8582035094983052
0,0.2964038607396236
0,0.2818180600049477
1,0.5976052770371999
1,0.5169785580364208
1,0.5304354594590978
1,0.8606377262052592
1,0.8800458094850944
1,0.5234910646118849
0,0.33272298196751365
1,0.8721475335609913
1,0.6058901104508305
1,0.5770647513298981
1,0.5503962860775561
0,0.2607408206848796
1,0.8611164283729927
1,0.5273502380155992
0,0.2764432223757645
1,0.6283911909324027
1,0.6391356438665436
1,0.5573505474941546
0,0.3001486567258754
0,0.2821002254517526
1,0.5673463827511321
1,0.5373349049100522
1,0.6855877857605837
0,0.24999706030195576
0,0.3088576778257275
0,0.29132991580752504
1,0.5487041240221798
1,0.8819894973912867
1,0.8527619693953287
0,0.30823570043133713
1,0.5291385934773437
0,0.3338857417915099
0,0.2934956862651528
0,0.2597045736079571
1,0.5810126469666943
0,0.2756192477118221
0,0.2628347446635725
0,0.21751851287696428
1,0.5673484069896102
1,0.8392200893572712
0,0.24441170731174847
1,0.6162813619770828
0,0.27002855384618657
0,0.3292567204382079
0,0.22530561848717406
1,0.8368315370176876
0,0.2789679432787916
1,0.6055800870818955
0,0.29146735228382353
0,0.3352262697568446
1,0.5675303167173211
1,0.6043332360160922
1,0.8291180779804938
0,0.3013661485253824
0,0.3311431796195745
0,0.29247028584783474
0,0.3194080177263323
1,0.5518091267698206
1,0.5474043909994646
0,0.27894302345277056
0,0.2715497358088186
1,0.5570160671816193
0,0.2567601976065958
1,0.6195690501076051
0,0.3034221630504634
0,0.27815361760805724
1,0.5618176065995113
0,0.32678309406797745
0,0.3046693948544377
1,0.5820100553116961
0,0.3022087031982562
0,0.2760727626645711
0,0.28633545591598686
0,0.24892753637751788
1,0.5729752174418286
0,0.27515234784126497
0,0.26833554022009365
0,0.31910415031933503
1,0.6397371272187545
1,0.6026391806715995
0,0.2603027608581704
0,0.3066922363478324
1,0.5560576106798109
1,0.6221709695306548
1,0.6218163306312969
1,0.6350704004498471
1,0.5773789358045478
0,0.33497275564198997
0,0.2452860668988886
1,0.6259417378454195
1,0.5697993481226209
1,0.5913255681320467
1,0.8471925297664836
0,0.26618489056619704
0,0.32283182374939806
1,0.5942871953888481
1,0.8921105349240298
0,0.278223404878754
1,0.5702843285165587
0,0.24361942075309728
1,0.6428501776017642
0,0.3247822576636143
0,0.2718812034144062
0,0.27112448248644005
1,0.6526303358951028
0,0.2641430505182586
1,0.5660572104639537
0,0.32299351128273895
0,0.31638356693332237
0,0.32565340593396225
0,0.3092418370343278
1,0.5546732092506795
0,0.2797763099332202
0,0.2957417056820668
1,0.8513948885399051
1,0.6235910462276347
1,0.6416294565878431
1,0.8619130358054956
0,0.2886614700358986
0,0.2671965485692148
0,0.33468729026692307
0,0.3351562725633371
1,0.8835218412031236
0,0.2913091366113575
1,0.8416125983685948
1,0.5393357580724818
0,0.2908277692667252
1,0.656884406691141
1,0.557994380992947
1,0.6025630021613947
0,0.25451482985051505
0,0.27084782809474933
0,0.26131742167494243
0,0.2607554449424141
0,0.2817414388931345
1,0.5578728018513353
1,0.6072745979046894
1,0.5415242641917914
1,0.5228820578243879
0,0.2837680392964045
1,0.5068515823311317
1,0.5861858844218202
0,0.2693042959011172
1,0.5701034534894022
0,0.25383558666906914
1,0.5907269097864268
1,0.5522490159952702
1,0.603479369506934
1,0.5928271492192753
1,0.5810446648067144
0,0.32649142225563366
1,0.6226172020858245
0,0.2662785854452137
0,0.2618167094035515
0,0.2924956861537555
1,0.5601678421089901
0,0.2312118627754528
1,0.8486618869504573
0,0.26898011609348454
1,0.5339139669452457
0,0.2856047921353688
1,0.5775134046459143
0,0.2919726444603036
0,0.33866559118340583
1,0.6074101388625724
1,0.624555539264046
0,0.2915124445588531
1,0.6261952420128171
1,0.8662905124536757
1,0.5373947340562545
1,0.601534542927202
0,0.21112021209646767
0,0.28896938049200366
0,0.28138875039210404
0,0.2850813101981713
0,0.31624632231362887
1,0.6412105573245651
1,0.6150849232038662
1,0.6166309729999065
0,0.2790754166435933
0,0.24766446725750035
0,0.32173225526097876
0,0.33432568694169684
0,0.2783347968927938
0,0.24635453382937383
1,0.6495188834595144
1,0.6569657632070434
0,0.27393438965019784
1,0.5481125397636119
1,0.8786163250746596
0,0.27694749244195627
0,0.22519966827138582
1,0.547767974026667
1,0.6285510775468719
0,0.3183447901182991
0,0.3012206736007149
1,0.8465484558531725
0,0.335658912969109
0,0.24283747828678875
0,0.25954166299319886
0,0.2891259949516543
0,0.3210491436071766
0,0.2850975309786615
0,0.2638879502268558
0,0.31216395235848393
0,0.29341619181218764
1,0.524316354442886
1,0.5631222358373921
1,0.5396302259153655
1,0.5621433230835191
1,0.6767082351861081
0,0.23445861282528233
1,0.5694865760696468
1,0.5851863532686447
1,0.629110086525415
0,0.306532579028775
0,0.29114913033475454
0,0.26463037134339124
1,0.5855062355254613
0,0.296762933612729
0,0.3171319460154212
0,0.3086365121741299
0,0.26310062012563
0,0.32453695994825726
1,0.5949609368057085
1,0.6217307631917349
0,0.2627624812835902
1,0.6429959288337401
1,0.5845332560759181
0,0.2998812210873071
1,0.8682213246241226
0,0.31374932874162526
1,0.6031410299398121
1,0.6394979328012729
1,0.5722027232807924
0,0.2551354048927887
1,0.8780359529063682
1,0.6756066775850035
0,0.2854874420463686
1,0.8929052792583905
1,0.5976951599046587
0,0.2737933273513981
0,0.30176084920537194
0,0.26825056172818423
1,0.5636927985767869
1,0.8627647650725359
0,0.3179819308822208
0,0.2973124316417808
0,0.3114561255254171
1,0.5404107190011092
0,0.2755781091849271
1,0.5335267367741713
0,0.2531579544996688
1,0.599437172239217
1,0.8894437551304906
1,0.605877285582203
0,0.3155501612519296
0,0.28442353914761603
0,0.2686814537412024
1,0.8591384426931297
0,0.25322290917277435
1,0.5709466934005125
0,0.2980397498835871
1,0.840155808628777
1,0.5924797959874608
0,0.2810107740221719
0,0.3016501846874591
0,0.2720389850634593
1,0.5970465735552135
1,0.5712336853419725
1,0.5799955174128568
1,0.5588935397619026
1,0.8438511871518334
1,0.5956749600432888
0,0.2967632989606834
0,0.32185680717647763
1,0.6469168429543726
0,0.22982542990794377
1,0.5637996575788744
1,0.8535841739518573
0,0.2469270330093305
1,0.5993325920013501
1,0.8900031778129862
0,0.2927833357088446
1,0.8221462561288059
0,0.26345103455949104
0,0.28772096217704535
1,0.6004045541068205
0,0.30024192376531966
0,0.27028079133956145
1,0.6006017790134878
1,0.8205988977644635
0,0.2838610223147262
1,0.8590545593895612
0,0.2792770864144488
0,0.3026069480655653
1,0.6420071743660567
0,0.27296224689302206
1,0.8773079091058529
1,0.5439236033663963
0,0.3210335970206023
0,0.3137882376605498
1,0.8538523532558527
0,0.24893856765331704
0,0.27860024709551706
0,0.2501132466361975
0,0.29157553250483453
1,0.6232451942023111
1,0.8419743867236537
0,0.24060009158266468
0,0.26735676359760824
0,0.2691450450067365
1,0.6038288906697432
0,0.2524890979826642
0,0.26435862108033636
0,0.344178412120821
1,0.5818816381844066
0,0.2449989861346178
0,0.3321652337159592
0,0.28105144234505014
1,0.8295720214338642
0,0.29998024359557635
1,0.5907969512818206
1,0.5603764963871657
1,0.83763138926929
0,0.3010533015723586
1,0.6588763022056715
1,0.5647766349368523
0,0.32329177024417893
1,0.6139409529235473
1,0.5764353875875098
1,0.856349169273485
1,0.6112920462831231
0,0.27339611100870154
1,0.6446030637097305
1,0.883217384347786
0,0.291455534653989
1,0.6225017871180403
1,0.5949678520202648
0,0.29044321941698625
0,0.31883761746352896
1,0.5462997591802822
0,0.25131603602416946
1,0.5335355112517836
0,0.2982464412978323
0,0.2662196938044027
1,0.8596153480132137
0,0.2749020447675262
1,0.5441398564386849
1,0.8510662047305751
1,0.6593584031446309
0,0.22510123906312945
0,0.300259515709578
0,0.28910840080393796
0,0.30720236221297376
0,0.3149666427751472
1,0.6140070925390434
1,0.8775829629969135
1,0.5862036438444282
0,0.30352906918973055
1,0.5278862542758974
1,0.5830654161532051
1,0.8704691938966684
0,0.24172389364273517
1,0.6638248450819013
1,0.6254475421910486
0,0.27638087218135976
1,0.6333512803805977
1,0.5466053414898773
1,0.8767791681590724
1,0.6050544854501723
1,0.5854551627045729
0,0.2756581613429505
1,0.8743016341143317
1,0.5596420242633566
1,0.5176647330873606
1,0.6233589442724701
1,0.590669096227452
1,0.634171906694605
0,0.2915241236806059
0,0.28036383591304814
0,0.2815799053532136
0,0.2752774586945864
0,0.3246731259030891
0,0.25372038290656107
0,0.28829646964634537
1,0.635877906827061
0,0.23506888552553765
1,0.8499235918719776
0,0.2941902963480093
1,0.5854033883559806
0,0.280097082667415
1,0.5969942002795343
1,0.6384493636815604
1,0.6626884686543725
1,0.5957695422707542
0,0.2862258812423298
0,0.26105663391885414
1,0.5820993402318808
0,0.299663726077777
0,0.2838092010861587
1,0.576203138071215
1,0.8779170478572315
0,0.3309224609687186
1,0.6906482374867741
1,0.581300602995366
0,0.2597344928652968
1,0.649679320589746
0,0.30113848076540006
1,0.5978604170427484
0,0.3322796977303856
0,0.31028486596236815
0,0.306562418551466
0,0.27844801728564034
0,0.286900049980589
0,0.3277210508790375
0,0.2864271481895815
0,0.28785249669811913
0,0.28925738145955254
1,0.5387679986022771
0,0.2895112324818119
0,0.24148751448600728
1,0.5897414059537649
0,0.2638628105202924
0,0.28531018228317534
0,0.31955412497286084
1,0.6366348346117813
0,0.26642089238579153
0,0.2890921860378426
0,0.2706784955458673
0,0.287894086839557
0,0.28848584522911724
1,0.6098071700808048
1,0.5492230999186308
1,0.5757417457949104
0,0.25688737965595404
1,0.6098346033806116
1,0.6063040189610335
0,0.2706827458915827
0,0.2335864696932532
0,0.30101100022333555
1,0.8599173575477249
0,0.2727734865869116
1,0.5746773034121543
1,0.6032860951088422
1,0.6116744036223202
0,0.2637136804065951
1,0.5802205130887814
1,0.8770482696054048
0,0.28481299646417707
0,0.2847926439009681
0,0.25673500396071564
1,0.5374182471793832
1,0.8515684458957438
1,0.6491624166270923
1,0.8429473554134953
0,0.3184389347011856
1,0.6398606959803598
0,0.3241636559538496
1,0.8706646953176438
0,0.33303131758542176
1,0.8469723321327826
0,0.29086663183456096
0,0.2798014230483696
0,0.26842855791617515
0,0.34433620965293976
0,0.3391849693046746
1,0.5718558181872698
0,0.2691543399048678
1,0.5956816309250222
0,0.2860973961032119
0,0.33227755363715766
1,0.6443052918467739
0,0.25367336308574806
0,0.274175255644886
1,0.5776306030594902
0,0.2786546873348927
0,0.26960480332319425
1,0.6497024760290154
1,0.628170514478621
1,0.6041486579089058
0,0.3100194736125769
1,0.6418284780313677
0,0.3160461270935898
0,0.26351928105848027
1,0.5545622785935298
0,0.33246966055590066
0,0.29606933373627065
0,0.30572567582978266
1,0.8780831996067768
0,0.32231374769331617
1,0.6455775747333669
0,0.29541766037033257
1,0.5789058432796813
1,0.6097074255450534
1,0.5188433265764618
1,0.5895355684048379
0,0.33081869900998623
1,0.5553198541406065
0,0.2764066250550117
0,0.2839155864742953
1,0.5866832898266018
1,0.6035531811516383
0,0.28808872200985847
0,0.3521437875248683
1,0.5945331859498889
0,0.29932091553886286
0,0.2810438607262566
0,0.29665877411756636
0,0.2760318290018094
1,0.5980601684250999
1,0.5347854475469646
0,0.26063271101952645
1,0.5228591878850355
1,0.644768319544998
1,0.6627390646948078
0,0.31996024290954794
1,0.5610396266065474
1,0.8840055268542821
1,0.5469436161946803
1,0.6100801081027506
0,0.24161561497108824
0,0.3015371190025255
0,0.3140239004464493
1,0.5441245769394688
0,0.2686075985430464
0,0.24186722294581858
0,0.25217400881427127
1,0.6343620739097244
0,0.3096574051024485
0,0.2847519613809395
1,0.854004249834697
1,0.853585354325236
0,0.28372101484454776
1,0.8729869163025917
0,0.2690650506903475
1,0.5370484794445786
1,0.610286415833604
0,0.2773807894465062
0,0.2961220514762754
1,0.5456207278240865
0,0.26535426172932575
0,0.31610879757377086
1,0.6204238382586013
0,0.3345115412440674
1,0.5819002475042905
0,0.24000417610489666
0,0.25246323318128094
0,0.27546095708666524
0,0.2653149777214138
1,0.5649720702706882
1,0.5326607830783067
0,0.25594658484502547
0,0.2932074910944949
0,0.32125034893906074
0,0.3494134775980346
1,0.6399764025086884
0,0.26605424954868045
1,0.5927323747399345
0,0.2973973698778611
0,0.28668915134993633
1,0.5521353475331876
0,0.2892753923583041
0,0.2899370768157139
0,0.28665249743094545
0,0.3019308660555579
1,0.5450290443913167
1,0.5937426070674391
1,0.5752232773652376
1,0.5884002845590502
0,0.3032683817011588
1,0.6106826235212455
1,0.5505113081553166
1,0.6097541113567798
0,0.3201870118164481
0,0.2761687926708733
1,0.564570472979124
1,0.5786093890888545
1,0.6138258189929481
0,0.29655114374350156
0,0.31616450230377524
0,0.2124790946574192
1,0.5905237721722776
0,0.30206685221112806
1,0.8591899771544869
0,0.297077120171136
0,0.24136220615343595
1,0.623978946641177
0,0.2981021126861102
0,0.23633154315174598
1,0.5805383625753694
0,0.2680315525614063
1,0.6102801573646768
0,0.2781017170245574
0,0.339134413981679
0,0.26931504050313454
1,0.5798822265052986
1,0.5991160032323033
1,0.8763407115071864
0,0.2603088476749881
1,0.5794956002307574
0,0.2948214587257361
0,0.25181244659520535
1,0.5925027716793587
0,0.3167357721386093
0,0.2808992096377463
1,0.5786288407502735
0,0.3323966355972599
0,0.2645752894006993
1,0.5906459009575536
0,0.26342180861377856
1,0.8568044325706313
0,0.28070605385188374
1,0.6474357839585263
1,0.5759907422339378
0,0.370156290346987
1,0.8816609020642107
0,0.26276173155940197
0,0.24132017798537717
0,0.2691023051956993
1,0.6308455492737266
1,0.6006146768323215
1,0.6409879192500171
1,0.5201886364180365
0,0.2361179191070103
0,0.28029841321713206
1,0.9007646739543945
0,0.32550969948946684
1,0.6147905555690251
0,0.3121404748764555
1,0.6280497725144506
0,0.3238359869482475
1,0.5684064838370518
1,0.8526136852432012
1,0.6363160240841667
0,0.276930954793635
1,0.6103193126343135
1,0.5683243961777872
1,0.6413337399009477
1,0.618848665702456
0,0.24831287682201963
0,0.3066889428794018
0,0.2879474038537215
0,0.27107046104038146
0,0.26171806603544945
1,0.5780723907898836
1,0.6283195945667933
1,0.582329368924623
1,0.8642534845275457
0,0.2549884528118855
1,0.5238653166807217
0,0.23531922265918498
0,0.2756904767548932
1,0.5517220833821058
1,0.5650007463106984
1,0.6458210836036413
1,0.8491248701849902
1,0.6397455463245151
0,0.2598417119687964
1,0.8785085447851315
1,0.641914542618667
1,0.5575901245589874
1,0.8497534458481579
1,0.569129277207227
0,0.284020743516856
1,0.5660003493636571
0,0.22629637057921162
1,0.6230997775847121
1,0.5880451177630122
0,0.24546711319843054
0,0.27132208215520115
0,0.32507395879964596
0,0.2959704387980545
1,0.6516340762120832
1,0.8697223039375364
0,0.27059156372981696
1,0.5980405323912628
1,0.5666581897778893
0,0.27068358890540717
1,0.6135812641724457
1,0.5386484187215423
1,0.5469621640656718
0,0.30219807800572657
0,0.3052846445493151
0,0.3296206961610142
0,0.23418902604233205
0,0.277545208138013
1,0.5525301949416009
0,0.3253614882750882
0,0.2718033913782602
0,0.25923369968499116
0,0.27407839450493227
0,0.3371162923632303
1,0.6041185301268588
0,0.2429002182843515
1,0.569168570740864
1,0.6327230066976345
0,0.2853342743825257
0,0.2413002498337044
1,0.8880023784320273
1,0.8742750193121612
1,0.8629247794771028
0,0.30076744272459405
1,0.8461351302507052
0,0.2967370831017948
1,0.6031395777922237
1,0.5996199704364535
1,0.636198618451489
0,0.2899164714718177
0,0.2625952749854215
0,0.2291676257072543
1,0.6387859310540963
1,0.5796601909358754
0,0.2927517799372063
0,0.25090728175753557
1,0.6479339744729768
1,0.5892773972027788
0,0.29167519542601383
0,0.29087753238709096
0,0.34225391607231204
0,0.265213966957701
0,0.27456849004572376
1,0.610361916043248
0,0.29065073441352285
0,0.31949102647916366
1,0.5635033874352123
0,0.28261291607887173
0,0.30124162936767296
0,0.3375737521346682
1,0.8594467063615889
1,0.56087434135594
1,0.8664078381402359
1,0.5743208305121743
0,0.3000836916392762
0,0.30752016543310734
0,0.33746626858608403
0,0.3529919849729988
1,0.5565134565311125
0,0.2513617398297525
1,0.527085294166134
1,0.8770100643618404
0,0.28715301986374225
1,0.6617770752261319
0,0.2824832702516365
0,0.32132206940392033
0,0.33762097348724435
1,0.8611465838979117
0,0.2524934359522147
1,0.5460297745201639
1,0.6072219185070451
0,0.2554504137037433
0,0.3099278905835201
1,0.8621828255700715
1,0.6392688918568643
1,0.5564312335088345
1,0.5822330863072076
0,0.29296704700661014
1,0.5690937621396712
1,0.8793153155119717
0,0.2726413305416434
1,0.8541191449784435
1,0.5296789411816267
0,0.27445678737714135
1,0.5640815702550791
0,0.2756169503125551
0,0.29970159790245565
0,0.25739900863590337
0,0.25067345846444616
0,0.3058873956673618
1,0.5514972293397401
0,0.3178298200010941
1,0.8785041786704105
0,0.30783467588763563
1,0.8593610563141441
0,0.2803428796550621
1,0.6134562283204403
1,0.599309436531627
0,0.24177114945930886
0,0.3076981651981815
1,0.6043552144116165
1,0.8023818110510389
0,0.296567550051802
0,0.2816563267391432
0,0.2500398117401318
0,0.27196373081910946
0,0.2851309558573
1,0.621185706525296
0,0.25550252961519376
1,0.5634819439576495
0,0.27769233836573404
0,0.2639340293237861
0,0.30251546162860715
1,0.5397983739840769
0,0.25485348585464257
1,0.6206562100179895
1,0.5841623448697152
0,0.3206885818815117
0,0.2919109437729746
0,0.2457882230412774
0,0.24518867025136432
1,0.6056326223806542
0,0.3031949354540791
0,0.2742199616902825
0,0.3147859614848814
0,0.2802912568714447
0,0.28470755936986486
1,0.6029743178512431
1,0.8764890549544097
0,0.26953097753598215
0,0.26616592494165264
1,0.5560485589245446
0,0.2833309961704959
0,0.32403861737380807
1,0.5417202131239643
